Busname,Bustype,Departing_time,Reaching_time,Duration,Price,Seats_available,Star_rating,Route_links,Route_names
MMK Travels,A/C Seater / Sleeper (2+1),22:30,07:30,09h 00m,INR 750,22 Seats available,"4.6
561",https://www.redbus.in/bus-tickets/bangalore-to-kozhikode,Bangalore to Kozhikode
Kyros Connect,Bharat Benz A/C Semi Sleeper (2+2),23:00,09:00,10h 00m,INR 799,17 Seats available,"4.1
344",https://www.redbus.in/bus-tickets/bangalore-to-kozhikode,Bangalore to Kozhikode
NS Transports,Non A/C Seater / Sleeper (2+1),22:30,06:45,08h 15m,INR 699,14 Seats available,4.0,https://www.redbus.in/bus-tickets/bangalore-to-kozhikode,Bangalore to Kozhikode
AdSAAM BUS,VE A/C Sleeper (2+1),21:45,06:45,09h 00m,INR 800,9 Seats available,"4.2
287",https://www.redbus.in/bus-tickets/bangalore-to-kozhikode,Bangalore to Kozhikode
SKS Tours & Travels,A/C Sleeper (2+1),21:15,05:45,08h 30m,799,11 Seats available,"4.4
101",https://www.redbus.in/bus-tickets/bangalore-to-kozhikode,Bangalore to Kozhikode
P K Travels,A/C Seater / Sleeper (2+1),21:30,06:00,08h 30m,675,23 Seats available,"4.2
62",https://www.redbus.in/bus-tickets/bangalore-to-kozhikode,Bangalore to Kozhikode
DLT BUS,A/C Sleeper (2+1),22:30,07:30,09h 00m,INR 950,12 Seats available,"4.3
320",https://www.redbus.in/bus-tickets/bangalore-to-kozhikode,Bangalore to Kozhikode
AdMMK Travels,A/C Sleeper (2+1),23:00,07:30,08h 30m,INR 850,9 Seats available,"4.3
23",https://www.redbus.in/bus-tickets/bangalore-to-kozhikode,Bangalore to Kozhikode
DA Transports,A/C Sleeper (2+1),21:45,06:55,09h 10m,INR 749,16 Seats available,"4.0
243",https://www.redbus.in/bus-tickets/bangalore-to-kozhikode,Bangalore to Kozhikode
NS Transports,Non A/C Seater / Sleeper (2+1),22:15,06:30,08h 15m,INR 700,16 Seats available,"4.3
124",https://www.redbus.in/bus-tickets/bangalore-to-kozhikode,Bangalore to Kozhikode
National travels and logistics,A/C Sleeper (2+1),22:45,07:00,08h 15m,690,10 Seats available,"4.2
92",https://www.redbus.in/bus-tickets/bangalore-to-kozhikode,Bangalore to Kozhikode
P K Travels,A/C Sleeper (2+1),18:45,06:30,11h 45m,899,8 Seats available,"4.1
110",https://www.redbus.in/bus-tickets/bangalore-to-kozhikode,Bangalore to Kozhikode
P K Travels,Non A/C Seater / Sleeper (2+1),18:45,05:15,10h 30m,585,12 Seats available,"3.5
75",https://www.redbus.in/bus-tickets/bangalore-to-kozhikode,Bangalore to Kozhikode
NS Transports,Non A/C Seater / Sleeper (2+1),21:45,06:10,08h 25m,INR 699,8 Seats available,"4.1
275",https://www.redbus.in/bus-tickets/bangalore-to-kozhikode,Bangalore to Kozhikode
SAAM BUS,VE A/C Sleeper (2+1),21:40,06:00,08h 20m,INR 850,8 Seats available,"4.4
4",https://www.redbus.in/bus-tickets/bangalore-to-kozhikode,Bangalore to Kozhikode
Kallada Travels (Suresh Kallada),A/C Sleeper (2+1),22:00,07:05,09h 05m,INR 799,18 Seats available,"3.3
119",https://www.redbus.in/bus-tickets/bangalore-to-kozhikode,Bangalore to Kozhikode
FAST LINE BUS,A/C Sleeper (2+1),21:15,06:15,09h 00m,2429,34 Seats available,"4.1
42",https://www.redbus.in/bus-tickets/bangalore-to-kozhikode,Bangalore to Kozhikode
Suraj Holidays,NON AC Seater / Sleeper 2+1,20:30,06:00,09h 30m,INR 700,18 Seats available,"3.4
100",https://www.redbus.in/bus-tickets/bangalore-to-kozhikode,Bangalore to Kozhikode
National travels and logistics,NON A/C Sleeper (2+1),22:30,06:15,07h 45m,599,17 Seats available,"3.6
170",https://www.redbus.in/bus-tickets/bangalore-to-kozhikode,Bangalore to Kozhikode
Suraj Holidays,VE A/C Sleeper (2+1),22:30,07:30,09h 00m,INR 880,19 Seats available,"3.6
265",https://www.redbus.in/bus-tickets/bangalore-to-kozhikode,Bangalore to Kozhikode
NS Transports,VE A/C Sleeper (2+1),22:45,07:30,08h 45m,INR 899,13 Seats available,"3.9
295",https://www.redbus.in/bus-tickets/bangalore-to-kozhikode,Bangalore to Kozhikode
SKS Tourist Corporation (REGD),A/C Sleeper (2+1),21:00,05:30,08h 30m,INR 799,8 Seats available,"3.6
110",https://www.redbus.in/bus-tickets/bangalore-to-kozhikode,Bangalore to Kozhikode
Kalpaka Travels,NON A/C Semi Sleeper (2+2),22:00,06:30,08h 30m,INR 700,21 Seats available,"3.2
43",https://www.redbus.in/bus-tickets/bangalore-to-kozhikode,Bangalore to Kozhikode
A1 Travels,A/C Seater / Sleeper (2+1),21:45,07:00,09h 15m,INR 500,27 Seats available,"2.9
65",https://www.redbus.in/bus-tickets/bangalore-to-kozhikode,Bangalore to Kozhikode
A1 Travels,Non A/C Seater / Sleeper (2+1),21:00,06:45,09h 45m,INR 500,22 Seats available,"2.7
256",https://www.redbus.in/bus-tickets/bangalore-to-kozhikode,Bangalore to Kozhikode
A1 Travels,A/C Seater / Sleeper (2+1),22:30,06:30,08h 00m,463,18 Seats available,"2.7
57",https://www.redbus.in/bus-tickets/bangalore-to-kozhikode,Bangalore to Kozhikode
Perinchery Travels,Volvo A/C Seater (2+2),19:30,23:55,04h 25m,INR 950,2 Seats available,4.7,https://www.redbus.in/bus-tickets/kozhikode-to-ernakulam,Kozhikode to Ernakulam
A1 Travels,A/C Seater / Sleeper (2+1),20:05,23:59,03h 54m,INR 600,1 Seat available,"3.2
142",https://www.redbus.in/bus-tickets/kozhikode-to-ernakulam,Kozhikode to Ernakulam
EMERALD TRAVELS,Bharat Benz A/C Semi Sleeper (2+2),22:10,02:40,04h 30m,INR 900,1 Seat available,"3.6
10",https://www.redbus.in/bus-tickets/kozhikode-to-ernakulam,Kozhikode to Ernakulam
Galaxy Tours,Volvo A/C Semi Sleeper (2+2),22:30,02:45,04h 15m,INR 700,24 Seats available,3.2,https://www.redbus.in/bus-tickets/kozhikode-to-ernakulam,Kozhikode to Ernakulam
Blue Bird Travels,A/C Seater Push Back (2+2),21:40,01:59,04h 19m,INR 899,2 Seats available,"2.9
7",https://www.redbus.in/bus-tickets/kozhikode-to-ernakulam,Kozhikode to Ernakulam
Shajees Motors,A/C Semi Sleeper (2+2),22:30,03:05,04h 35m,INR 650,1 Seat available,"2.1
10",https://www.redbus.in/bus-tickets/kozhikode-to-ernakulam,Kozhikode to Ernakulam
BLM Transports,A/C Sleeper (2+1),22:00,02:45,04h 45m,1611,1 Seat available,"3.5
7",https://www.redbus.in/bus-tickets/kozhikode-to-ernakulam,Kozhikode to Ernakulam
Madhavi Travels,Volvo Multi-Axle I-Shift B11R Semi Sleeper (2+2),23:30,03:10,03h 40m,INR 1299,4 Seats available,4.0,https://www.redbus.in/bus-tickets/kozhikode-to-ernakulam,Kozhikode to Ernakulam
Galaxy Tours,2+1 Air Suspension A/C Seater / Sleeper,21:45,02:00,04h 15m,INR 1200,4 Seats available,"1.9
7",https://www.redbus.in/bus-tickets/kozhikode-to-ernakulam,Kozhikode to Ernakulam
Aadithya Travels,A/C Seater/Sleeper (2+1),23:30,04:30,05h 00m,INR 1350,1 Seat available,2.5,https://www.redbus.in/bus-tickets/kozhikode-to-ernakulam,Kozhikode to Ernakulam
MMK Travels,A/C Sleeper (2+1),21:00,05:30,08h 30m,INR 1100,14 Seats available,"4.4
50",https://www.redbus.in/bus-tickets/kozhikode-to-bangalore,Kozhikode to Bangalore
MMK Travels,A/C Seater / Sleeper (2+1),21:30,06:00,08h 30m,INR 999,7 Seats available,"4.4
574",https://www.redbus.in/bus-tickets/kozhikode-to-bangalore,Kozhikode to Bangalore
P K Travels,A/C Sleeper (2+1),20:00,06:00,10h 00m,1170,13 Seats available,"4.1
221",https://www.redbus.in/bus-tickets/kozhikode-to-bangalore,Kozhikode to Bangalore
AdFAST LINE BUS,A/C Sleeper (2+1),21:15,06:15,09h 00m,907,8 Seats available,"3.9
37",https://www.redbus.in/bus-tickets/kozhikode-to-bangalore,Kozhikode to Bangalore
National travels and logistics,A/C Sleeper (2+1),21:00,06:15,09h 15m,1000,9 Seats available,"4.5
62",https://www.redbus.in/bus-tickets/kozhikode-to-bangalore,Kozhikode to Bangalore
SKS Tours & Travels,A/C Sleeper (2+1),21:00,06:00,09h 00m,1199,10 Seats available,"4.4
81",https://www.redbus.in/bus-tickets/kozhikode-to-bangalore,Kozhikode to Bangalore
DLT BUS,A/C Sleeper (2+1),21:45,06:30,08h 45m,INR 1200,7 Seats available,"4.4
329",https://www.redbus.in/bus-tickets/kozhikode-to-bangalore,Kozhikode to Bangalore
Silver Line Travels,Non A/C Seater / Sleeper (2+1),20:00,05:10,09h 10m,INR 900,2 Seats available,4.2,https://www.redbus.in/bus-tickets/kozhikode-to-bangalore,Kozhikode to Bangalore
NS Transports,VE A/C Sleeper (2+1),20:16,06:30,10h 14m,INR 1249,10 Seats available,"4.1
159",https://www.redbus.in/bus-tickets/kozhikode-to-bangalore,Kozhikode to Bangalore
P K Travels,Non A/C Seater / Sleeper (2+1),21:00,06:00,09h 00m,INR 1000,2 Seats available,"4.0
63",https://www.redbus.in/bus-tickets/kozhikode-to-bangalore,Kozhikode to Bangalore
P K Travels,A/C Seater / Sleeper (2+1),21:45,06:45,09h 00m,1080,9 Seats available,"4.0
32",https://www.redbus.in/bus-tickets/kozhikode-to-bangalore,Kozhikode to Bangalore
Balaji Tourist,Volvo Multi-Axle A/C Semisleeper (2+2),22:30,06:30,08h 00m,INR 888,17 Seats available,"3.7
17",https://www.redbus.in/bus-tickets/kozhikode-to-bangalore,Kozhikode to Bangalore
Suraj Holidays,VE A/C Sleeper (2+1),22:00,07:15,09h 15m,INR 1250,13 Seats available,"3.2
278",https://www.redbus.in/bus-tickets/kozhikode-to-bangalore,Kozhikode to Bangalore
National travels and logistics,NON A/C Sleeper (2+1),20:45,06:15,09h 30m,799,10 Seats available,"3.7
204",https://www.redbus.in/bus-tickets/kozhikode-to-bangalore,Kozhikode to Bangalore
DA Transports,A/C Sleeper (2+1),21:50,06:45,08h 55m,INR 1049,9 Seats available,"3.1
34",https://www.redbus.in/bus-tickets/kozhikode-to-bangalore,Kozhikode to Bangalore
Sam Tourist,NON AC Seater / Sleeper 2+1,21:00,06:30,09h 30m,759,8 Seats available,"3.5
161",https://www.redbus.in/bus-tickets/kozhikode-to-bangalore,Kozhikode to Bangalore
NS Transports,Non A/C Seater / Sleeper (2+1),19:31,04:30,08h 59m,INR 849,1 Seat available,"3.5
32",https://www.redbus.in/bus-tickets/kozhikode-to-bangalore,Kozhikode to Bangalore
Kallada Travels (Suresh Kallada),A/C Sleeper (2+1),21:10,07:15,10h 05m,INR 1300,12 Seats available,"3.1
87",https://www.redbus.in/bus-tickets/kozhikode-to-bangalore,Kozhikode to Bangalore
SKS Tourist Corporation (REGD),A/C Sleeper (2+1),21:30,06:30,09h 00m,INR 1199,8 Seats available,"3.4
74",https://www.redbus.in/bus-tickets/kozhikode-to-bangalore,Kozhikode to Bangalore
NS Transports,Non A/C Seater / Sleeper (2+1),20:31,06:30,09h 59m,INR 849,3 Seats available,"3.3
29",https://www.redbus.in/bus-tickets/kozhikode-to-bangalore,Kozhikode to Bangalore
Usha Transport,NON A/C Sleeper (2+1),20:30,05:00,08h 30m,INR 799,19 Seats available,2.2,https://www.redbus.in/bus-tickets/kozhikode-to-bangalore,Kozhikode to Bangalore
A1 Travels,A/C Seater / Sleeper (2+1),22:30,06:30,08h 00m,833,9 Seats available,"2.4
90",https://www.redbus.in/bus-tickets/kozhikode-to-bangalore,Kozhikode to Bangalore
A1 Travels,A/C Seater / Sleeper (2+1),20:00,05:30,09h 30m,925,3 Seats available,"2.1
62",https://www.redbus.in/bus-tickets/kozhikode-to-bangalore,Kozhikode to Bangalore
Suraj Holidays,NON AC Seater / Sleeper 2+1,20:15,05:55,09h 40m,INR 900,9 Seats available,"2.5
33",https://www.redbus.in/bus-tickets/kozhikode-to-bangalore,Kozhikode to Bangalore
DA Transports,A/C Sleeper (2+1),22:01,07:45,09h 44m,INR 1099,9 Seats available,"2.6
6",https://www.redbus.in/bus-tickets/kozhikode-to-bangalore,Kozhikode to Bangalore
KSRTC (Kerala) - 352,Super Fast Non AC Seater (2+3),21:46,03:10,05h 24m,INR 269,6 Seats available,"3.8
19",https://www.redbus.in/bus-tickets/ernakulam-to-kozhikode,Ernakulam to Kozhikode
KSRTC (Kerala) - 2071,Super Express Non AC Seater Air Bus (2+2),22:10,02:30,04h 20m,INR 268,1 Seat available,"3.7
5",https://www.redbus.in/bus-tickets/ernakulam-to-kozhikode,Ernakulam to Kozhikode
KSRTC (Kerala) - 697,Super Fast Non AC Seater (2+3),22:34,03:35,05h 01m,INR 231,9 Seats available,"4.4
14",https://www.redbus.in/bus-tickets/ernakulam-to-kozhikode,Ernakulam to Kozhikode
Ubc travels,A/C Semi Sleeper (2+2),20:40,01:00,04h 20m,INR 700,16 Seats available,"3.8
12",https://www.redbus.in/bus-tickets/ernakulam-to-kozhikode,Ernakulam to Kozhikode
Ubc travels,A/C Seater/Sleeper (2+1),20:45,03:00,06h 15m,INR 900,6 Seats available,"3.6
6",https://www.redbus.in/bus-tickets/ernakulam-to-kozhikode,Ernakulam to Kozhikode
Kalpaka Travels 1,A/C Sleeper (2+1),20:55,02:30,05h 35m,INR 800,2 Seats available,"4.5
25",https://www.redbus.in/bus-tickets/ernakulam-to-kozhikode,Ernakulam to Kozhikode
Sheraton Tours and Travels,A/C Seater/Sleeper (2+1),21:00,01:45,04h 45m,480,1 Seat available,"5.0
11",https://www.redbus.in/bus-tickets/ernakulam-to-kozhikode,Ernakulam to Kozhikode
Adrin Travels,A/C Seater/Sleeper (2+1),21:00,02:00,05h 00m,INR 900,3 Seats available,"4.8
12",https://www.redbus.in/bus-tickets/ernakulam-to-kozhikode,Ernakulam to Kozhikode
Jacobs Travels,Volvo Multi-Axle A/C Semi Sleeper (2+2),21:00,02:30,05h 30m,INR 949,3 Seats available,3.2,https://www.redbus.in/bus-tickets/ernakulam-to-kozhikode,Ernakulam to Kozhikode
Cochin Bus,Volvo Multi-Axle B9R A/c Semi Sleeper (2+2),21:15,02:30,05h 15m,INR 667,4 Seats available,New,https://www.redbus.in/bus-tickets/ernakulam-to-kozhikode,Ernakulam to Kozhikode
UFO Bus,A/C Sleeper (2+1),21:15,02:45,05h 30m,798,6 Seats available,4.0,https://www.redbus.in/bus-tickets/ernakulam-to-kozhikode,Ernakulam to Kozhikode
Madhavi Travels,A/C Semi Sleeper (2+2),21:30,02:15,04h 45m,INR 599,12 Seats available,"3.9
17",https://www.redbus.in/bus-tickets/ernakulam-to-kozhikode,Ernakulam to Kozhikode
UFO Bus,Volvo Multi-Axle B9R A/c Semi Sleeper (2+2),21:30,02:45,05h 15m,675,4 Seats available,"4.5
20",https://www.redbus.in/bus-tickets/ernakulam-to-kozhikode,Ernakulam to Kozhikode
Arya Travels,A/C Seater/Sleeper (2+1),21:45,03:15,05h 30m,INR 595,20 Seats available,3.2,https://www.redbus.in/bus-tickets/ernakulam-to-kozhikode,Ernakulam to Kozhikode
SG Travels,Bharat Benz A/C Sleeper (2+1),21:45,02:30,04h 45m,INR 799,12 Seats available,"4.1
6",https://www.redbus.in/bus-tickets/ernakulam-to-kozhikode,Ernakulam to Kozhikode
Arya Travels,A/C Sleeper (2+1),21:45,03:15,05h 30m,INR 895,1 Seat available,3.2,https://www.redbus.in/bus-tickets/ernakulam-to-kozhikode,Ernakulam to Kozhikode
Sonia Travels,A/C Semi Sleeper (2+2),21:50,02:45,04h 55m,INR 600,7 Seats available,3.8,https://www.redbus.in/bus-tickets/ernakulam-to-kozhikode,Ernakulam to Kozhikode
Kalpaka Travels 1,A/C Semi Sleeper (2+2),22:00,03:00,05h 00m,INR 600,8 Seats available,"4.8
21",https://www.redbus.in/bus-tickets/ernakulam-to-kozhikode,Ernakulam to Kozhikode
Madhavi Travels,A/C Semi Sleeper (2+2),22:10,03:35,05h 25m,INR 599,9 Seats available,"4.3
11",https://www.redbus.in/bus-tickets/ernakulam-to-kozhikode,Ernakulam to Kozhikode
Sonia Travels,A/C Seater/Sleeper (2+1),22:15,02:29,04h 14m,INR 680,7 Seats available,3.8,https://www.redbus.in/bus-tickets/ernakulam-to-kozhikode,Ernakulam to Kozhikode
EMERALD TRAVELS,A/C Semi Sleeper (2+2),22:30,04:15,05h 45m,INR 650,17 Seats available,3.6,https://www.redbus.in/bus-tickets/ernakulam-to-kozhikode,Ernakulam to Kozhikode
A1 Travels,Bharat Benz A/C Seater /Sleeper (2+1),23:59,05:30,05h 31m,INR 800,1 Seat available,"3.7
34",https://www.redbus.in/bus-tickets/ernakulam-to-kozhikode,Ernakulam to Kozhikode
Galaxy Tours,2+1 Air Suspension A/C Seater / Sleeper,01:15,06:00,04h 45m,INR 700,21 Seats available,"3.4
14",https://www.redbus.in/bus-tickets/ernakulam-to-kozhikode,Ernakulam to Kozhikode
Shajees Motors,A/C Semi Sleeper (2+2),19:30,00:40,05h 10m,INR 600,2 Seats available,"2.9
48",https://www.redbus.in/bus-tickets/ernakulam-to-kozhikode,Ernakulam to Kozhikode
Kudla Travels ( ST MARIA ),A/C Sleeper (2+1),21:00,23:59,02h 59m,INR 899,6 Seats available,2.7,https://www.redbus.in/bus-tickets/ernakulam-to-kozhikode,Ernakulam to Kozhikode
Blue Bird Travels,A/C Seater Push Back (2+2),21:50,02:50,05h 00m,INR 549,5 Seats available,1.5,https://www.redbus.in/bus-tickets/ernakulam-to-kozhikode,Ernakulam to Kozhikode
Greenline kerala,A/C Seater Push Back (2+2),22:01,02:45,04h 44m,INR 530,17 Seats available,"1.9
6",https://www.redbus.in/bus-tickets/ernakulam-to-kozhikode,Ernakulam to Kozhikode
A1 Travels,Bharat Benz A/C Seater /Sleeper (2+1),23:59,05:00,05h 01m,INR 900,3 Seats available,"2.8
21",https://www.redbus.in/bus-tickets/ernakulam-to-kozhikode,Ernakulam to Kozhikode
Galaxy Tours,A/C Semi Sleeper (2+2),01:15,06:00,04h 45m,INR 700,13 Seats available,"1.3
5",https://www.redbus.in/bus-tickets/ernakulam-to-kozhikode,Ernakulam to Kozhikode
Sona Travels,Bharat Benz A/C Sleeper (2+1),21:30,02:45,05h 15m,INR 1199,20 Seats available,3.2,https://www.redbus.in/bus-tickets/ernakulam-to-kozhikode,Ernakulam to Kozhikode
Madhavi Travels,A/C Sleeper (2+1),21:40,02:05,04h 25m,INR 1099,12 Seats available,4.3,https://www.redbus.in/bus-tickets/ernakulam-to-kozhikode,Ernakulam to Kozhikode
LIYAS TOURS,Bharat Benz A/C Sleeper (2+1),22:40,03:40,05h 00m,1370,2 Seats available,"3.7
8",https://www.redbus.in/bus-tickets/ernakulam-to-kozhikode,Ernakulam to Kozhikode
EMERALD TRAVELS,A/C Sleeper (2+1),23:30,04:30,05h 00m,INR 1200,9 Seats available,3.6,https://www.redbus.in/bus-tickets/ernakulam-to-kozhikode,Ernakulam to Kozhikode
Madhavi Travels,A/C Sleeper (2+1),23:59,04:30,04h 31m,INR 999,2 Seats available,"4.3
7",https://www.redbus.in/bus-tickets/ernakulam-to-kozhikode,Ernakulam to Kozhikode
Madhavi Travels,Volvo Multi-Axle I-Shift B11R Semi Sleeper (2+2),23:59,04:50,04h 51m,INR 999,15 Seats available,"4.4
6",https://www.redbus.in/bus-tickets/ernakulam-to-kozhikode,Ernakulam to Kozhikode
Cochin Bus,A/C Sleeper (2+1),20:15,02:30,06h 15m,INR 1200,30 Seats available,New,https://www.redbus.in/bus-tickets/ernakulam-to-kozhikode,Ernakulam to Kozhikode
KSRTC (Kerala) - 1077,Super Fast Non AC Seater (2+3),22:30,05:50,07h 20m,INR 319,25 Seats available,"3.6
30",https://www.redbus.in/bus-tickets/mysore-to-kozhikode,Mysore to Kozhikode
KSRTC (Kerala) - 789,Super Fast Non AC Seater (2+3),22:50,03:45,04h 55m,INR 473,4 Seats available,4.1,https://www.redbus.in/bus-tickets/mysore-to-kozhikode,Mysore to Kozhikode
KSRTC (Kerala) - 1585,Swift Deluxe Non AC Air Bus (2+2),23:00,05:45,06h 45m,INR 419,14 Seats available,"4.2
4",https://www.redbus.in/bus-tickets/mysore-to-kozhikode,Mysore to Kozhikode
A1 Travels,Bharat Benz A/C Sleeper (2+1),18:15,23:30,05h 15m,INR 700,7 Seats available,"4.1
5",https://www.redbus.in/bus-tickets/mysore-to-kozhikode,Mysore to Kozhikode
LIYAS TOURS,Bharat Benz A/C Sleeper (2+1),18:30,23:05,04h 35m,549,7 Seats available,"4.1
41",https://www.redbus.in/bus-tickets/mysore-to-kozhikode,Mysore to Kozhikode
SKS Tourist Corporation (REGD),A/C Sleeper (2+1),23:55,05:30,05h 35m,INR 799,8 Seats available,3.4,https://www.redbus.in/bus-tickets/mysore-to-kozhikode,Mysore to Kozhikode
Suraj Holidays,NON AC Seater / Sleeper 2+1,23:55,06:00,06h 05m,INR 700,18 Seats available,4.2,https://www.redbus.in/bus-tickets/mysore-to-kozhikode,Mysore to Kozhikode
NS Transports,Non A/C Seater / Sleeper (2+1),23:57,06:30,06h 33m,INR 700,16 Seats available,4.1,https://www.redbus.in/bus-tickets/mysore-to-kozhikode,Mysore to Kozhikode
SKS Tours & Travels,A/C Sleeper (2+1),23:59,05:40,05h 41m,799,13 Seats available,"3.6
6",https://www.redbus.in/bus-tickets/mysore-to-kozhikode,Mysore to Kozhikode
NS Transports,Non A/C Seater / Sleeper (2+1),23:59,06:10,06h 11m,INR 699,10 Seats available,4.1,https://www.redbus.in/bus-tickets/mysore-to-kozhikode,Mysore to Kozhikode
National travels and logistics,NON A/C Sleeper (2+1),00:40,06:15,05h 35m,599,18 Seats available,3.5,https://www.redbus.in/bus-tickets/mysore-to-kozhikode,Mysore to Kozhikode
A1 Travels,Non A/C Seater / Sleeper (2+1),23:40,06:45,07h 05m,INR 500,22 Seats available,1.4,https://www.redbus.in/bus-tickets/mysore-to-kozhikode,Mysore to Kozhikode
A1 Travels,A/C Seater / Sleeper (2+1),23:45,06:30,06h 45m,INR 500,19 Seats available,"1.4
6",https://www.redbus.in/bus-tickets/mysore-to-kozhikode,Mysore to Kozhikode
NS Transports,VE A/C Sleeper (2+1),23:59,07:30,07h 31m,INR 899,16 Seats available,4.1,https://www.redbus.in/bus-tickets/mysore-to-kozhikode,Mysore to Kozhikode
FAST LINE BUS,A/C Sleeper (2+1),23:59,06:15,06h 16m,2429,34 Seats available,3.9,https://www.redbus.in/bus-tickets/mysore-to-kozhikode,Mysore to Kozhikode
NS Transports,Non A/C Seater / Sleeper (2+1),20:31,02:30,05h 59m,INR 749,3 Seats available,4.1,https://www.redbus.in/bus-tickets/kozhikode-to-mysore,Kozhikode to Mysore
Sam Tourist,NON AC Seater / Sleeper 2+1,21:00,04:00,07h 00m,759,8 Seats available,2.8,https://www.redbus.in/bus-tickets/kozhikode-to-mysore,Kozhikode to Mysore
NS Transports,Non A/C Seater / Sleeper (2+1),19:31,02:30,06h 59m,INR 849,1 Seat available,4.1,https://www.redbus.in/bus-tickets/kozhikode-to-mysore,Kozhikode to Mysore
A1 Travels,A/C Seater / Sleeper (2+1),20:00,04:00,08h 00m,INR 1000,3 Seats available,3.3,https://www.redbus.in/bus-tickets/kozhikode-to-mysore,Kozhikode to Mysore
NS Transports,VE A/C Sleeper (2+1),20:16,03:30,07h 14m,INR 999,10 Seats available,4.1,https://www.redbus.in/bus-tickets/kozhikode-to-mysore,Kozhikode to Mysore
National travels and logistics,NON A/C Sleeper (2+1),20:45,04:00,07h 15m,990,10 Seats available,"3.8
6",https://www.redbus.in/bus-tickets/kozhikode-to-mysore,Kozhikode to Mysore
SKS Tours & Travels,A/C Sleeper (2+1),21:00,04:00,07h 00m,1299,10 Seats available,4.1,https://www.redbus.in/bus-tickets/kozhikode-to-mysore,Kozhikode to Mysore
MMK Travels,A/C Sleeper (2+1),21:00,03:00,06h 00m,INR 999,14 Seats available,4.3,https://www.redbus.in/bus-tickets/kozhikode-to-mysore,Kozhikode to Mysore
FAST LINE BUS,A/C Sleeper (2+1),21:15,04:00,06h 45m,907,8 Seats available,3.9,https://www.redbus.in/bus-tickets/kozhikode-to-mysore,Kozhikode to Mysore
DA Transports,A/C Sleeper (2+1),21:50,04:30,06h 40m,INR 1049,9 Seats available,3.6,https://www.redbus.in/bus-tickets/kozhikode-to-mysore,Kozhikode to Mysore
Suraj Holidays,NON AC Seater / Sleeper 2+1,21:00,03:00,06h 00m,INR 900,10 Seats available,"3.4
4",https://www.redbus.in/bus-tickets/kozhikode-to-mysore,Kozhikode to Mysore
DA Transports,A/C Sleeper (2+1),22:00,04:40,06h 40m,INR 1099,9 Seats available,3.6,https://www.redbus.in/bus-tickets/kozhikode-to-mysore,Kozhikode to Mysore
National travels and logistics,A/C Sleeper (2+1),21:00,03:15,06h 15m,1000,12 Seats available,3.8,https://www.redbus.in/bus-tickets/kozhikode-to-mysore,Kozhikode to Mysore
SKS Tourist Corporation (REGD),A/C Sleeper (2+1),21:30,04:45,07h 15m,INR 1199,8 Seats available,3.4,https://www.redbus.in/bus-tickets/kozhikode-to-mysore,Kozhikode to Mysore
A1 Travels,Non A/C Seater / Sleeper (2+1),21:45,04:00,06h 15m,INR 850,2 Seats available,"3.6
4",https://www.redbus.in/bus-tickets/kozhikode-to-mysore,Kozhikode to Mysore
Suraj Holidays,VE A/C Sleeper (2+1),22:00,05:00,07h 00m,INR 1250,26 Seats available,"3.6
12",https://www.redbus.in/bus-tickets/kozhikode-to-mysore,Kozhikode to Mysore
A1 Travels,A/C Seater / Sleeper (2+1),22:30,04:15,05h 45m,INR 900,9 Seats available,3.3,https://www.redbus.in/bus-tickets/kozhikode-to-mysore,Kozhikode to Mysore
KSRTC (Kerala) - 2393,Low Floor AC Seater 2+2,20:30,23:35,03h 05m,INR 253,2 Seats available,"3.7
5",https://www.redbus.in/bus-tickets/kozhikode-to-thrissur,Kozhikode to Thrissur
KSRTC (Kerala) - 827,Super Fast Non AC Seater (2+3),21:00,00:30,03h 30m,INR 181,6 Seats available,3.1,https://www.redbus.in/bus-tickets/kozhikode-to-thrissur,Kozhikode to Thrissur
KSRTC (Kerala) - 409,Super Express Non AC Seater Air Bus (2+2),22:15,00:45,02h 30m,INR 216,5 Seats available,3.1,https://www.redbus.in/bus-tickets/kozhikode-to-thrissur,Kozhikode to Thrissur
KSRTC (Kerala) - 1841,Low Floor AC Seater 2+2,22:30,01:40,03h 10m,INR 253,2 Seats available,3.1,https://www.redbus.in/bus-tickets/kozhikode-to-thrissur,Kozhikode to Thrissur
KSRTC (Kerala) - 582,Super Express Non AC Seater Air Bus (2+2),22:40,01:45,03h 05m,INR 201,1 Seat available,3.1,https://www.redbus.in/bus-tickets/kozhikode-to-thrissur,Kozhikode to Thrissur
KSRTC (Kerala) - 586,Super Express Non AC Seater Air Bus (2+2),22:50,02:05,03h 15m,INR 201,4 Seats available,3.1,https://www.redbus.in/bus-tickets/kozhikode-to-thrissur,Kozhikode to Thrissur
KSRTC (Kerala) - 279,Super Fast Non AC Seater (2+3),23:05,02:50,03h 45m,INR 181,3 Seats available,3.1,https://www.redbus.in/bus-tickets/kozhikode-to-thrissur,Kozhikode to Thrissur
KSRTC (Kerala) - 673,Super Fast Non AC Seater (2+3),23:25,02:40,03h 15m,INR 181,1 Seat available,3.1,https://www.redbus.in/bus-tickets/kozhikode-to-thrissur,Kozhikode to Thrissur
KSRTC (Kerala) - 2872,Super Express Non AC Seater Air Bus (2+2),23:45,02:05,02h 20m,INR 216,2 Seats available,3.1,https://www.redbus.in/bus-tickets/kozhikode-to-thrissur,Kozhikode to Thrissur
KSRTC (Kerala) - 345,Super Fast Non AC Seater (2+3),23:55,03:35,03h 40m,INR 181,1 Seat available,3.1,https://www.redbus.in/bus-tickets/kozhikode-to-thrissur,Kozhikode to Thrissur
Blue Bird Travels,A/C Seater Push Back (2+2),21:40,01:00,03h 20m,INR 899,8 Seats available,3.1,https://www.redbus.in/bus-tickets/kozhikode-to-thrissur,Kozhikode to Thrissur
BLM Transports,A/C Sleeper (2+1),22:00,01:00,03h 00m,1548,7 Seats available,3.9,https://www.redbus.in/bus-tickets/kozhikode-to-thrissur,Kozhikode to Thrissur
EMERALD TRAVELS,Bharat Benz A/C Semi Sleeper (2+2),22:10,00:30,02h 20m,INR 900,1 Seat available,3.0,https://www.redbus.in/bus-tickets/kozhikode-to-thrissur,Kozhikode to Thrissur
Madhavi Travels,Volvo Multi-Axle I-Shift B11R Semi Sleeper (2+2),23:30,01:55,02h 25m,INR 1299,4 Seats available,4.0,https://www.redbus.in/bus-tickets/kozhikode-to-thrissur,Kozhikode to Thrissur
CGR Tranz,A/C Semi Sleeper (2+2),23:59,03:00,03h 01m,INR 550,7 Seats available,3.6,https://www.redbus.in/bus-tickets/kozhikode-to-thrissur,Kozhikode to Thrissur
Galaxy Tours,2+1 Air Suspension A/C Seater / Sleeper,21:45,00:45,03h 00m,INR 1200,4 Seats available,2.7,https://www.redbus.in/bus-tickets/kozhikode-to-thrissur,Kozhikode to Thrissur
Galaxy Tours,Volvo A/C Semi Sleeper (2+2),22:30,01:30,03h 00m,INR 700,28 Seats available,2.7,https://www.redbus.in/bus-tickets/kozhikode-to-thrissur,Kozhikode to Thrissur
Aadithya Travels,A/C Seater/Sleeper (2+1),23:30,03:00,03h 30m,INR 1350,1 Seat available,2.5,https://www.redbus.in/bus-tickets/kozhikode-to-thrissur,Kozhikode to Thrissur
Madhavi Travels,Volvo Multi-Axle I-Shift B11R Semi Sleeper (2+2),23:30,07:30,08h 00m,INR 1299,4 Seats available,"4.0
7",https://www.redbus.in/bus-tickets/kozhikode-to-thiruvananthapuram,Kozhikode to Thiruvananthapuram
Perinchery Travels,Volvo A/C Seater (2+2),19:30,06:30,11h 00m,INR 950,2 Seats available,4.7,https://www.redbus.in/bus-tickets/kozhikode-to-thiruvananthapuram,Kozhikode to Thiruvananthapuram
Galaxy Tours,2+1 Air Suspension A/C Seater / Sleeper,21:45,06:30,08h 45m,INR 1200,4 Seats available,"3.0
35",https://www.redbus.in/bus-tickets/kozhikode-to-thiruvananthapuram,Kozhikode to Thiruvananthapuram
Aadithya Travels,A/C Seater/Sleeper (2+1),23:30,09:30,10h 00m,INR 1350,1 Seat available,2.1,https://www.redbus.in/bus-tickets/kozhikode-to-thiruvananthapuram,Kozhikode to Thiruvananthapuram
Blue Bird Travels,A/C Seater Push Back (2+2),21:40,06:00,08h 20m,INR 999,1 Seat available,"2.6
64",https://www.redbus.in/bus-tickets/kozhikode-to-thiruvananthapuram,Kozhikode to Thiruvananthapuram
EMERALD TRAVELS,Bharat Benz A/C Semi Sleeper (2+2),22:10,06:30,08h 20m,INR 900,1 Seat available,"2.9
33",https://www.redbus.in/bus-tickets/kozhikode-to-thiruvananthapuram,Kozhikode to Thiruvananthapuram
KSRTC (Kerala) - 560,Super Express Non AC Seater Air Bus (2+2),22:10,04:30,06h 20m,INR 381,1 Seat available,"3.3
9",https://www.redbus.in/bus-tickets/kozhikode-to-kottayam,Kozhikode to Kottayam
KSRTC (Kerala) - 673,Super Fast Non AC Seater (2+3),23:25,05:55,06h 30m,INR 332,1 Seat available,"2.5
6",https://www.redbus.in/bus-tickets/kozhikode-to-kottayam,Kozhikode to Kottayam
EMERALD TRAVELS,Bharat Benz A/C Semi Sleeper (2+2),22:10,03:30,05h 20m,INR 900,1 Seat available,"3.8
7",https://www.redbus.in/bus-tickets/kozhikode-to-kottayam,Kozhikode to Kottayam
Madhavi Travels,Volvo Multi-Axle I-Shift B11R Semi Sleeper (2+2),23:30,04:50,05h 20m,INR 1299,4 Seats available,4.0,https://www.redbus.in/bus-tickets/kozhikode-to-kottayam,Kozhikode to Kottayam
A1 Travels,A/C Seater / Sleeper (2+1),20:05,03:00,06h 55m,INR 1100,1 Seat available,"3.8
24",https://www.redbus.in/bus-tickets/kozhikode-to-kottayam,Kozhikode to Kottayam
KSRTC (Kerala) - 811,Super Fast Non AC Seater (2+3),23:00,02:20,03h 20m,INR 181,18 Seats available,"2.7
4",https://www.redbus.in/bus-tickets/thrissur-to-kozhikode,Thrissur to Kozhikode
KSRTC (Kerala) - 2863,Super Express Non AC Seater Air Bus (2+2),23:00,01:30,02h 30m,INR 216,1 Seat available,2.8,https://www.redbus.in/bus-tickets/thrissur-to-kozhikode,Thrissur to Kozhikode
KSRTC (Kerala) - 585,Super Express Non AC Seater Air Bus (2+2),23:30,02:55,03h 25m,INR 201,3 Seats available,2.8,https://www.redbus.in/bus-tickets/thrissur-to-kozhikode,Thrissur to Kozhikode
KSRTC (Kerala) - 352,Super Fast Non AC Seater (2+3),23:45,03:10,03h 25m,INR 181,6 Seats available,2.8,https://www.redbus.in/bus-tickets/thrissur-to-kozhikode,Thrissur to Kozhikode
Sheraton Tours and Travels,A/C Seater/Sleeper (2+1),22:27,01:45,03h 18m,480,10 Seats available,4.3,https://www.redbus.in/bus-tickets/thrissur-to-kozhikode,Thrissur to Kozhikode
CGR Tranz,Volvo AC Seater (2+2),23:30,02:00,02h 30m,INR 480,21 Seats available,New,https://www.redbus.in/bus-tickets/thrissur-to-kozhikode,Thrissur to Kozhikode
Ubc travels,A/C Semi Sleeper (2+2),22:30,01:00,02h 30m,INR 700,17 Seats available,3.7,https://www.redbus.in/bus-tickets/thrissur-to-kozhikode,Thrissur to Kozhikode
Kallada Travels (Suresh Kallada),A/C Sleeper (2+1),22:31,01:25,02h 54m,INR 1100,5 Seats available,3.0,https://www.redbus.in/bus-tickets/thrissur-to-kozhikode,Thrissur to Kozhikode
Adrin Travels,A/C Seater/Sleeper (2+1),23:05,02:00,02h 55m,INR 900,3 Seats available,4.0,https://www.redbus.in/bus-tickets/thrissur-to-kozhikode,Thrissur to Kozhikode
Blue Bird Travels,A/C Seater Push Back (2+2),23:15,02:50,03h 35m,INR 549,5 Seats available,3.1,https://www.redbus.in/bus-tickets/thrissur-to-kozhikode,Thrissur to Kozhikode
Sona Travels,Bharat Benz A/C Sleeper (2+1),23:20,02:45,03h 25m,INR 1199,20 Seats available,3.2,https://www.redbus.in/bus-tickets/thrissur-to-kozhikode,Thrissur to Kozhikode
Ubc travels,A/C Seater/Sleeper (2+1),23:20,03:00,03h 40m,INR 900,48 Seats available,3.7,https://www.redbus.in/bus-tickets/thrissur-to-kozhikode,Thrissur to Kozhikode
Madhavi Travels,A/C Semi Sleeper (2+2),23:20,02:15,02h 55m,INR 599,12 Seats available,4.0,https://www.redbus.in/bus-tickets/thrissur-to-kozhikode,Thrissur to Kozhikode
Madhavi Travels,A/C Sleeper (2+1),23:30,02:05,02h 35m,INR 1099,20 Seats available,4.0,https://www.redbus.in/bus-tickets/thrissur-to-kozhikode,Thrissur to Kozhikode
Cochin Bus,Volvo Multi-Axle B9R A/c Semi Sleeper (2+2),23:30,02:30,03h 00m,INR 667,6 Seats available,New,https://www.redbus.in/bus-tickets/thrissur-to-kozhikode,Thrissur to Kozhikode
UFO Bus,A/C Sleeper (2+1),23:35,02:45,03h 10m,798,27 Seats available,4.1,https://www.redbus.in/bus-tickets/thrissur-to-kozhikode,Thrissur to Kozhikode
Kalpaka Travels 1,A/C Sleeper (2+1),23:40,02:30,02h 50m,INR 800,2 Seats available,4.0,https://www.redbus.in/bus-tickets/thrissur-to-kozhikode,Thrissur to Kozhikode
Cochin Bus,A/C Sleeper (2+1),23:40,02:30,02h 50m,INR 900,1 Seat available,New,https://www.redbus.in/bus-tickets/thrissur-to-kozhikode,Thrissur to Kozhikode
UFO Bus,Volvo Multi-Axle B9R A/c Semi Sleeper (2+2),23:40,02:45,03h 05m,675,4 Seats available,4.1,https://www.redbus.in/bus-tickets/thrissur-to-kozhikode,Thrissur to Kozhikode
LIYAS TOURS,Bharat Benz A/C Sleeper (2+1),23:47,03:40,03h 53m,1370,2 Seats available,3.8,https://www.redbus.in/bus-tickets/thrissur-to-kozhikode,Thrissur to Kozhikode
SG Travels,Bharat Benz A/C Sleeper (2+1),23:50,02:30,02h 40m,INR 799,21 Seats available,4.7,https://www.redbus.in/bus-tickets/thrissur-to-kozhikode,Thrissur to Kozhikode
Kallada Travels (Suresh Kallada),A/C Sleeper (2+1),23:50,03:00,0-21h 0-50m,INR 1000,19 Seats available,3.0,https://www.redbus.in/bus-tickets/thrissur-to-kozhikode,Thrissur to Kozhikode
Madhavi Travels,A/C Semi Sleeper (2+2),23:50,03:35,0-21h 0-15m,INR 599,9 Seats available,4.0,https://www.redbus.in/bus-tickets/thrissur-to-kozhikode,Thrissur to Kozhikode
Greenline kerala,A/C Seater Push Back (2+2),23:50,02:45,02h 55m,INR 530,17 Seats available,3.2,https://www.redbus.in/bus-tickets/thrissur-to-kozhikode,Thrissur to Kozhikode
Sonia Travels,A/C Semi Sleeper (2+2),23:51,02:45,02h 54m,INR 600,7 Seats available,4.1,https://www.redbus.in/bus-tickets/thrissur-to-kozhikode,Thrissur to Kozhikode
Kalpaka Travels 1,A/C Semi Sleeper (2+2),23:55,03:00,03h 05m,INR 600,8 Seats available,4.0,https://www.redbus.in/bus-tickets/thrissur-to-kozhikode,Thrissur to Kozhikode
Arya Travels,A/C Sleeper (2+1),23:59,03:15,03h 16m,INR 895,14 Seats available,3.2,https://www.redbus.in/bus-tickets/thrissur-to-kozhikode,Thrissur to Kozhikode
Arya Travels,A/C Seater/Sleeper (2+1),23:59,03:15,03h 16m,INR 595,20 Seats available,3.2,https://www.redbus.in/bus-tickets/thrissur-to-kozhikode,Thrissur to Kozhikode
EMERALD TRAVELS,A/C Semi Sleeper (2+2),00:15,04:15,04h 00m,INR 650,28 Seats available,3.0,https://www.redbus.in/bus-tickets/thrissur-to-kozhikode,Thrissur to Kozhikode
EMERALD TRAVELS,A/C Sleeper (2+1),02:30,04:30,02h 00m,INR 1200,10 Seats available,3.0,https://www.redbus.in/bus-tickets/thrissur-to-kozhikode,Thrissur to Kozhikode
Kudla Travels ( ST MARIA ),A/C Sleeper (2+1),22:35,23:59,01h 24m,INR 899,6 Seats available,2.7,https://www.redbus.in/bus-tickets/thrissur-to-kozhikode,Thrissur to Kozhikode
Cochin Bus,A/C Sleeper (2+1),23:20,02:30,03h 10m,INR 1200,30 Seats available,New,https://www.redbus.in/bus-tickets/thrissur-to-kozhikode,Thrissur to Kozhikode
Galaxy Tours,2+1 Air Suspension A/C Seater / Sleeper,02:45,06:00,03h 15m,INR 700,21 Seats available,2.7,https://www.redbus.in/bus-tickets/thrissur-to-kozhikode,Thrissur to Kozhikode
Galaxy Tours,A/C Semi Sleeper (2+2),02:45,06:00,03h 15m,INR 700,13 Seats available,2.7,https://www.redbus.in/bus-tickets/thrissur-to-kozhikode,Thrissur to Kozhikode
KSRTC (Kerala) - 789,Super Fast Non AC Seater (2+3),20:00,02:05,06h 05m,INR 473,6 Seats available,4.0,https://www.redbus.in/bus-tickets/bangalore-to-kalpetta,Bangalore to Kalpetta (kerala)
KSRTC (Kerala) - 1585,Swift Deluxe Non AC Air Bus (2+2),20:40,03:55,07h 15m,INR 548,14 Seats available,"4.0
4",https://www.redbus.in/bus-tickets/bangalore-to-kalpetta,Bangalore to Kalpetta (kerala)
KSRTC (Kerala) - 1586,Swift Deluxe Non AC Air Bus (2+2),21:30,05:10,07h 40m,INR 548,16 Seats available,"3.7
5",https://www.redbus.in/bus-tickets/bangalore-to-kalpetta,Bangalore to Kalpetta (kerala)
KSRTC (Kerala) - 2133,Swift Deluxe Non AC Air Bus (2+2),22:10,05:45,07h 35m,INR 548,8 Seats available,"4.7
10",https://www.redbus.in/bus-tickets/bangalore-to-kalpetta,Bangalore to Kalpetta (kerala)
KSRTC (Kerala) - 574,Super Express Non AC Seater Air Bus (2+2),23:00,07:30,08h 30m,INR 377,12 Seats available,"3.5
20",https://www.redbus.in/bus-tickets/bangalore-to-kalpetta,Bangalore to Kalpetta (kerala)
KSRTC (Kerala) - 583,Super Express Non AC Seater Air Bus (2+2),23:30,07:40,08h 10m,INR 377,22 Seats available,"3.4
17",https://www.redbus.in/bus-tickets/bangalore-to-kalpetta,Bangalore to Kalpetta (kerala)
KSRTC (Kerala) - 56,SWIFT-GARUDA A/C SEATER BUS,23:40,07:50,08h 10m,INR 524,25 Seats available,"4.4
56",https://www.redbus.in/bus-tickets/bangalore-to-kalpetta,Bangalore to Kalpetta (kerala)
MMK Travels,A/C Seater / Sleeper (2+1),22:30,05:30,07h 00m,INR 750,19 Seats available,"4.3
122",https://www.redbus.in/bus-tickets/bangalore-to-kalpetta,Bangalore to Kalpetta (kerala)
Kyros Connect,Bharat Benz A/C Semi Sleeper (2+2),23:00,07:30,08h 30m,INR 799,17 Seats available,"4.2
95",https://www.redbus.in/bus-tickets/bangalore-to-kalpetta,Bangalore to Kalpetta (kerala)
DLT BUS,A/C Sleeper (2+1),22:30,05:30,07h 00m,INR 950,12 Seats available,"4.0
124",https://www.redbus.in/bus-tickets/bangalore-to-kalpetta,Bangalore to Kalpetta (kerala)
MMK Travels,A/C Seater / Sleeper (2+1),22:30,05:45,07h 15m,INR 750,19 Seats available,"4.3
67",https://www.redbus.in/bus-tickets/bangalore-to-kalpetta,Bangalore to Kalpetta (kerala)
DLT BUS,A/C Sleeper (2+1),22:30,05:20,06h 50m,INR 950,12 Seats available,"4.2
73",https://www.redbus.in/bus-tickets/bangalore-to-kalpetta,Bangalore to Kalpetta (kerala)
Kyros Connect,Bharat Benz A/C Semi Sleeper (2+2),23:00,07:20,08h 20m,INR 799,17 Seats available,"4.3
57",https://www.redbus.in/bus-tickets/bangalore-to-kalpetta,Bangalore to Kalpetta (kerala)
Suraj Holidays,VE A/C Sleeper (2+1),22:30,06:15,07h 45m,INR 880,19 Seats available,"3.9
62",https://www.redbus.in/bus-tickets/bangalore-to-kalpetta,Bangalore to Kalpetta (kerala)
A1 Travels,Non A/C Seater / Sleeper (2+1),21:00,05:00,08h 00m,INR 500,22 Seats available,"3.4
85",https://www.redbus.in/bus-tickets/bangalore-to-kalpetta,Bangalore to Kalpetta (kerala)
Kallada Travels (Suresh Kallada),A/C Sleeper (2+1),22:00,05:25,07h 25m,INR 799,17 Seats available,"3.8
55",https://www.redbus.in/bus-tickets/bangalore-to-kalpetta,Bangalore to Kalpetta (kerala)
Suraj Holidays,VE A/C Sleeper (2+1),22:30,06:15,07h 45m,INR 880,19 Seats available,"3.8
43",https://www.redbus.in/bus-tickets/bangalore-to-kalpetta,Bangalore to Kalpetta (kerala)
DA Transports,A/C Sleeper (2+1),21:45,04:15,06h 30m,INR 749,19 Seats available,"3.9
36",https://www.redbus.in/bus-tickets/bangalore-to-kalpetta,Bangalore to Kalpetta (kerala)
P K Travels,A/C Seater / Sleeper (2+1),21:30,04:00,06h 30m,675,28 Seats available,"5.0
5",https://www.redbus.in/bus-tickets/bangalore-to-kalpetta,Bangalore to Kalpetta (kerala)
SKS Tourist Corporation (REGD),Non A/C Seater / Sleeper (2+1),21:15,04:00,06h 45m,INR 799,30 Seats available,"3.1
6",https://www.redbus.in/bus-tickets/bangalore-to-kalpetta,Bangalore to Kalpetta (kerala)
FAST LINE BUS,A/C Sleeper (2+1),21:15,04:00,06h 45m,INR 2699,34 Seats available,"3.5
5",https://www.redbus.in/bus-tickets/bangalore-to-kalpetta,Bangalore to Kalpetta (kerala)
A1 Travels,Bharat Benz A/C Seater /Sleeper (2+1),20:00,04:30,08h 30m,INR 600,24 Seats available,"3.3
4",https://www.redbus.in/bus-tickets/bangalore-to-kalpetta,Bangalore to Kalpetta (kerala)
A1 Travels,A/C Seater / Sleeper (2+1),22:30,05:00,06h 30m,INR 500,19 Seats available,"2.1
8",https://www.redbus.in/bus-tickets/bangalore-to-kalpetta,Bangalore to Kalpetta (kerala)
NS Transports,Non A/C Seater / Sleeper (2+1),22:30,05:01,06h 31m,INR 699,14 Seats available,4.1,https://www.redbus.in/bus-tickets/bangalore-to-kalpetta,Bangalore to Kalpetta (kerala)
NS Transports,Non A/C Seater / Sleeper (2+1),22:30,05:00,06h 30m,INR 699,14 Seats available,4.1,https://www.redbus.in/bus-tickets/bangalore-to-kalpetta,Bangalore to Kalpetta (kerala)
DA Transports,A/C Sleeper (2+1),21:45,04:20,06h 35m,INR 749,19 Seats available,3.9,https://www.redbus.in/bus-tickets/bangalore-to-kalpetta,Bangalore to Kalpetta (kerala)
SKS Tourist Corporation (REGD),Non A/C Seater / Sleeper (2+1),21:30,04:00,06h 30m,INR 799,21 Seats available,3.7,https://www.redbus.in/bus-tickets/bangalore-to-kalpetta,Bangalore to Kalpetta (kerala)
SKS Tourist Corporation (REGD),A/C Sleeper (2+1),21:00,04:20,07h 20m,INR 799,8 Seats available,3.7,https://www.redbus.in/bus-tickets/bangalore-to-kalpetta,Bangalore to Kalpetta (kerala)
SKS Tourist Corporation (REGD),Non A/C Seater / Sleeper (2+1),21:15,04:01,06h 46m,699,30 Seats available,3.7,https://www.redbus.in/bus-tickets/bangalore-to-kalpetta,Bangalore to Kalpetta (kerala)
SKS Tourist Corporation (REGD),A/C Sleeper (2+1),21:00,04:45,07h 45m,INR 799,8 Seats available,3.4,https://www.redbus.in/bus-tickets/bangalore-to-kalpetta,Bangalore to Kalpetta (kerala)
SKS Tourist Corporation (REGD),Non A/C Seater / Sleeper (2+1),21:30,03:55,06h 25m,INR 799,21 Seats available,3.4,https://www.redbus.in/bus-tickets/bangalore-to-kalpetta,Bangalore to Kalpetta (kerala)
KSRTC (Kerala) - 136,Swift Deluxe Non AC Air Bus (2+2),20:30,04:10,07h 40m,INR 568,3 Seats available,"3.5
29",https://www.redbus.in/bus-tickets/bangalore-to-kannur,Bangalore to Kannur (Kerala)
KSRTC (Kerala) - 101,Swift Deluxe Non AC Air Bus (2+2),21:15,05:10,07h 55m,INR 548,11 Seats available,"4.3
93",https://www.redbus.in/bus-tickets/bangalore-to-kannur,Bangalore to Kannur (Kerala)
KSRTC (Kerala) - 98,Swift Deluxe Non AC Air Bus (2+2),21:55,05:50,07h 55m,INR 579,16 Seats available,"3.8
53",https://www.redbus.in/bus-tickets/bangalore-to-kannur,Bangalore to Kannur (Kerala)
KSRTC (Kerala) - 1767,Super Express Non AC Seater Air Bus (2+2),23:10,07:05,07h 55m,INR 568,6 Seats available,"3.7
61",https://www.redbus.in/bus-tickets/bangalore-to-kannur,Bangalore to Kannur (Kerala)
SAAM BUS,A/C Seater / Sleeper (2+1),21:45,05:10,07h 25m,INR 700,13 Seats available,"4.2
137",https://www.redbus.in/bus-tickets/bangalore-to-kannur,Bangalore to Kannur (Kerala)
GOLDEN TRAVEL AGENCIES,NON A/C Sleeper (2+1),22:30,04:45,06h 15m,INR 749,17 Seats available,"4.0
126",https://www.redbus.in/bus-tickets/bangalore-to-kannur,Bangalore to Kannur (Kerala)
GOLDEN TRAVEL AGENCIES,A/C Sleeper (2+1),22:00,05:25,07h 25m,INR 899,12 Seats available,"4.1
138",https://www.redbus.in/bus-tickets/bangalore-to-kannur,Bangalore to Kannur (Kerala)
MMK Travels,VE A/C Seater / Sleeper (2+1),22:15,05:30,07h 15m,INR 700,15 Seats available,"4.1
321",https://www.redbus.in/bus-tickets/bangalore-to-kannur,Bangalore to Kannur (Kerala)
Ashoka Travel and Logistics,A/C Sleeper (2+1),21:45,05:30,07h 45m,900,8 Seats available,"4.2
183",https://www.redbus.in/bus-tickets/bangalore-to-kannur,Bangalore to Kannur (Kerala)
Kalpaka Travels,NON A/C Seater/ Sleeper (2+1),22:00,06:10,08h 10m,648,31 Seats available,"4.0
16",https://www.redbus.in/bus-tickets/bangalore-to-kannur,Bangalore to Kannur (Kerala)
GOLDEN TRAVEL AGENCIES,Volvo A/C Semi Sleeper (2+2),22:45,04:45,06h 00m,INR 849,7 Seats available,"4.2
212",https://www.redbus.in/bus-tickets/bangalore-to-kannur,Bangalore to Kannur (Kerala)
DLT BUS,A/C Sleeper (2+1),22:30,06:00,07h 30m,INR 850,11 Seats available,"4.5
12",https://www.redbus.in/bus-tickets/bangalore-to-kannur,Bangalore to Kannur (Kerala)
Sugama Tourist,A/C Sleeper (2+1),22:00,05:30,07h 30m,INR 750,5 Seats available,"4.1
240",https://www.redbus.in/bus-tickets/bangalore-to-kannur,Bangalore to Kannur (Kerala)
NS Transports,NON A/C Sleeper (2+1),22:45,05:20,06h 35m,INR 799,5 Seats available,"4.3
225",https://www.redbus.in/bus-tickets/bangalore-to-kannur,Bangalore to Kannur (Kerala)
Kalpaka Travels,A/C Sleeper (2+1),22:10,05:00,06h 50m,INR 1000,7 Seats available,"4.1
173",https://www.redbus.in/bus-tickets/bangalore-to-kannur,Bangalore to Kannur (Kerala)
GOLDEN TRAVEL AGENCIES,A/C Sleeper (2+1),21:30,05:15,07h 45m,INR 849,4 Seats available,"4.6
29",https://www.redbus.in/bus-tickets/bangalore-to-kannur,Bangalore to Kannur (Kerala)
NS Transports,A/C Sleeper (2+1),22:15,05:45,07h 30m,INR 949,6 Seats available,"4.5
261",https://www.redbus.in/bus-tickets/bangalore-to-kannur,Bangalore to Kannur (Kerala)
NS Transports,NON A/C Semi Sleeper / Sleeper (2+1),22:00,06:00,08h 00m,INR 749,12 Seats available,"3.8
231",https://www.redbus.in/bus-tickets/bangalore-to-kannur,Bangalore to Kannur (Kerala)
P K Travels,NON A/C Semi Sleeper (2+2),21:45,05:00,07h 15m,630,18 Seats available,"3.6
75",https://www.redbus.in/bus-tickets/bangalore-to-kannur,Bangalore to Kannur (Kerala)
Ashoka Travel and Logistics,A/C Semi Sleeper (2+2),22:30,05:45,07h 15m,800,13 Seats available,"3.6
120",https://www.redbus.in/bus-tickets/bangalore-to-kannur,Bangalore to Kannur (Kerala)
National travels and logistics,Non A/C Seater / Sleeper (2+1),22:40,05:45,07h 05m,INR 549,10 Seats available,"3.8
138",https://www.redbus.in/bus-tickets/bangalore-to-kannur,Bangalore to Kannur (Kerala)
Kalpaka Travels,NON A/C Seater/ Sleeper (2+1),21:45,05:20,07h 35m,INR 700,11 Seats available,"3.9
104",https://www.redbus.in/bus-tickets/bangalore-to-kannur,Bangalore to Kannur (Kerala)
Kalpaka Travels,NON A/C Seater/ Sleeper (2+1),22:00,05:00,07h 00m,INR 700,15 Seats available,"3.5
30",https://www.redbus.in/bus-tickets/bangalore-to-kannur,Bangalore to Kannur (Kerala)
P K Travels,A/C Sleeper (2+1),22:15,05:30,07h 15m,765,17 Seats available,"3.4
39",https://www.redbus.in/bus-tickets/bangalore-to-kannur,Bangalore to Kannur (Kerala)
Arya Travels,A/C Sleeper (2+1),19:45,05:10,09h 25m,INR 849,3 Seats available,"3.6
81",https://www.redbus.in/bus-tickets/bangalore-to-kannur,Bangalore to Kannur (Kerala)
Arya Travels,NON A/C Semi Sleeper (2+2),21:55,05:00,07h 05m,INR 745,7 Seats available,3.4,https://www.redbus.in/bus-tickets/bangalore-to-kannur,Bangalore to Kannur (Kerala)
Ashoka Travel and Logistics,NON A/C Semi Sleeper (2+2),22:00,05:30,07h 30m,700,30 Seats available,"2.8
98",https://www.redbus.in/bus-tickets/bangalore-to-kannur,Bangalore to Kannur (Kerala)
MMK Travels,A/C Seater / Sleeper (2+1),23:45,06:00,06h 15m,INR 999,7 Seats available,"4.5
95",https://www.redbus.in/bus-tickets/kalpetta-to-bangalore,Kalpetta (kerala) to Bangalore
DLT BUS,A/C Sleeper (2+1),23:45,06:30,06h 45m,INR 1200,7 Seats available,"4.4
78",https://www.redbus.in/bus-tickets/kalpetta-to-bangalore,Kalpetta (kerala) to Bangalore
MMK Travels,A/C Seater / Sleeper (2+1),23:45,06:00,06h 15m,INR 999,7 Seats available,"4.7
45",https://www.redbus.in/bus-tickets/kalpetta-to-bangalore,Kalpetta (kerala) to Bangalore
DLT BUS,A/C Sleeper (2+1),23:59,06:30,06h 31m,INR 1200,7 Seats available,"4.5
14",https://www.redbus.in/bus-tickets/kalpetta-to-bangalore,Kalpetta (kerala) to Bangalore
Suraj Holidays,VE A/C Sleeper (2+1),23:58,07:15,07h 17m,INR 1250,13 Seats available,"3.4
41",https://www.redbus.in/bus-tickets/kalpetta-to-bangalore,Kalpetta (kerala) to Bangalore
SKS Tourist Corporation (REGD),Non A/C Seater / Sleeper (2+1),22:20,05:15,06h 55m,INR 1099,1 Seat available,"4.3
14",https://www.redbus.in/bus-tickets/kalpetta-to-bangalore,Kalpetta (kerala) to Bangalore
Kallada Travels (Suresh Kallada),A/C Sleeper (2+1),23:30,07:15,07h 45m,INR 1300,12 Seats available,"3.2
35",https://www.redbus.in/bus-tickets/kalpetta-to-bangalore,Kalpetta (kerala) to Bangalore
DA Transports,A/C Sleeper (2+1),23:55,06:45,06h 50m,INR 949,9 Seats available,"3.6
18",https://www.redbus.in/bus-tickets/kalpetta-to-bangalore,Kalpetta (kerala) to Bangalore
DA Transports,A/C Sleeper (2+1),23:50,06:45,06h 55m,INR 1049,9 Seats available,"3.9
10",https://www.redbus.in/bus-tickets/kalpetta-to-bangalore,Kalpetta (kerala) to Bangalore
SKS Tourist Corporation (REGD),A/C Sleeper (2+1),23:50,06:30,06h 40m,INR 1199,8 Seats available,"2.4
21",https://www.redbus.in/bus-tickets/kalpetta-to-bangalore,Kalpetta (kerala) to Bangalore
Suraj Holidays,VE A/C Sleeper (2+1),23:59,07:15,07h 16m,INR 1250,15 Seats available,"3.0
6",https://www.redbus.in/bus-tickets/kalpetta-to-bangalore,Kalpetta (kerala) to Bangalore
A1 Travels,A/C Seater / Sleeper (2+1),22:30,05:30,07h 00m,INR 1000,3 Seats available,"2.5
14",https://www.redbus.in/bus-tickets/kalpetta-to-bangalore,Kalpetta (kerala) to Bangalore
SKS Tourist Corporation (REGD),Non A/C Seater / Sleeper (2+1),22:56,05:15,06h 19m,INR 1099,1 Seat available,"2.9
4",https://www.redbus.in/bus-tickets/kalpetta-to-bangalore,Kalpetta (kerala) to Bangalore
SKS Tourist Corporation (REGD),A/C Sleeper (2+1),23:55,06:30,06h 35m,INR 1199,8 Seats available,"2.0
4",https://www.redbus.in/bus-tickets/kalpetta-to-bangalore,Kalpetta (kerala) to Bangalore
A1 Travels,Bharat Benz A/C Seater /Sleeper (2+1),23:45,06:30,06h 45m,INR 1100,4 Seats available,"2.8
5",https://www.redbus.in/bus-tickets/kalpetta-to-bangalore,Kalpetta (kerala) to Bangalore
P K Travels,A/C Seater / Sleeper (2+1),23:50,06:45,06h 55m,INR 1200,9 Seats available,4.1,https://www.redbus.in/bus-tickets/kalpetta-to-bangalore,Kalpetta (kerala) to Bangalore
SKS Tourist Corporation (REGD),Non A/C Seater / Sleeper (2+1),23:10,05:30,06h 20m,INR 1299,3 Seats available,3.4,https://www.redbus.in/bus-tickets/kalpetta-to-bangalore,Kalpetta (kerala) to Bangalore
SKS Tourist Corporation (REGD),Non A/C Seater / Sleeper (2+1),23:11,05:30,06h 19m,999,4 Seats available,3.0,https://www.redbus.in/bus-tickets/kalpetta-to-bangalore,Kalpetta (kerala) to Bangalore
FAST LINE BUS,A/C Sleeper (2+1),23:15,06:15,07h 00m,INR 1008,8 Seats available,3.9,https://www.redbus.in/bus-tickets/kalpetta-to-bangalore,Kalpetta (kerala) to Bangalore
DA Transports,A/C Sleeper (2+1),00:00,07:45,07h 45m,INR 1099,9 Seats available,3.7,https://www.redbus.in/bus-tickets/kalpetta-to-bangalore,Kalpetta (kerala) to Bangalore
DA Transports,A/C Sleeper (2+1),00:00,07:45,07h 45m,INR 999,9 Seats available,3.6,https://www.redbus.in/bus-tickets/kalpetta-to-bangalore,Kalpetta (kerala) to Bangalore
Balaji Tourist,Volvo Multi-Axle A/C Semisleeper (2+2),00:35,06:30,05h 55m,INR 888,19 Seats available,3.0,https://www.redbus.in/bus-tickets/kalpetta-to-bangalore,Kalpetta (kerala) to Bangalore
Usha Transport,NON A/C Sleeper (2+1),22:45,05:00,06h 15m,INR 799,19 Seats available,2.6,https://www.redbus.in/bus-tickets/kalpetta-to-bangalore,Kalpetta (kerala) to Bangalore
Madhavi Travels,A/C Sleeper (2+1),19:50,04:30,08h 40m,INR 999,1 Seat available,"4.5
76",https://www.redbus.in/bus-tickets/thiruvananthapuram-to-kozhikode,Thiruvananthapuram to Kozhikode
BLM Transports,A/C Sleeper (2+1),20:15,05:00,08h 45m,1089,7 Seats available,"3.4
129",https://www.redbus.in/bus-tickets/thiruvananthapuram-to-kozhikode,Thiruvananthapuram to Kozhikode
A1 Travels,Bharat Benz A/C Seater /Sleeper (2+1),20:30,05:00,08h 30m,INR 900,3 Seats available,"3.2
82",https://www.redbus.in/bus-tickets/thiruvananthapuram-to-kozhikode,Thiruvananthapuram to Kozhikode
A1 Travels,NON A/C Semi Sleeper (2+2),21:00,06:30,09h 30m,INR 600,4 Seats available,"3.7
112",https://www.redbus.in/bus-tickets/thiruvananthapuram-to-kozhikode,Thiruvananthapuram to Kozhikode
Galaxy Tours,2+1 Air Suspension A/C Seater / Sleeper,21:00,06:00,09h 00m,INR 700,7 Seats available,"2.7
62",https://www.redbus.in/bus-tickets/thiruvananthapuram-to-kozhikode,Thiruvananthapuram to Kozhikode
A1 Travels,A/C Seater / Sleeper (2+1),21:35,07:00,09h 25m,INR 700,10 Seats available,"3.4
127",https://www.redbus.in/bus-tickets/thiruvananthapuram-to-kozhikode,Thiruvananthapuram to Kozhikode
Madhavi Travels,Volvo Multi-Axle I-Shift B11R Semi Sleeper (2+2),20:45,04:50,08h 05m,INR 999,6 Seats available,"4.3
33",https://www.redbus.in/bus-tickets/thiruvananthapuram-to-kozhikode,Thiruvananthapuram to Kozhikode
A1 Travels,Bharat Benz A/C Seater /Sleeper (2+1),20:15,05:30,09h 15m,INR 800,1 Seat available,"3.2
45",https://www.redbus.in/bus-tickets/thiruvananthapuram-to-kozhikode,Thiruvananthapuram to Kozhikode
Madhavi Travels,Volvo Multi-Axle I-Shift B11R Semi Sleeper (2+2),20:40,04:30,07h 50m,INR 999,14 Seats available,"3.7
10",https://www.redbus.in/bus-tickets/thiruvananthapuram-to-kozhikode,Thiruvananthapuram to Kozhikode
Galaxy Tours,A/C Semi Sleeper (2+2),21:00,06:00,09h 00m,INR 700,5 Seats available,"2.5
19",https://www.redbus.in/bus-tickets/thiruvananthapuram-to-kozhikode,Thiruvananthapuram to Kozhikode
EMERALD TRAVELS,Bharat Benz A/C Seater (2+2),20:30,05:25,08h 55m,INR 850,27 Seats available,2.6,https://www.redbus.in/bus-tickets/thiruvananthapuram-to-kozhikode,Thiruvananthapuram to Kozhikode
EMERALD TRAVELS,A/C Sleeper (2+1),19:30,04:30,09h 00m,INR 1200,7 Seats available,2.6,https://www.redbus.in/bus-tickets/thiruvananthapuram-to-kozhikode,Thiruvananthapuram to Kozhikode
KSRTC (Kerala) - 1264,Low Floor AC Seater 2+2,22:10,05:35,07h 25m,INR 935,25 Seats available,4.2,https://www.redbus.in/bus-tickets/kannur-to-bangalore,Kannur (Kerala) to Bangalore
Ashoka Travel and Logistics,A/C Semi Sleeper (2+2),21:00,05:15,08h 15m,INR 1100,11 Seats available,"4.0
99",https://www.redbus.in/bus-tickets/kannur-to-bangalore,Kannur (Kerala) to Bangalore
DLT BUS,A/C Sleeper (2+1),21:00,05:30,08h 30m,INR 999,10 Seats available,"4.5
14",https://www.redbus.in/bus-tickets/kannur-to-bangalore,Kannur (Kerala) to Bangalore
Golden Travels,A/C Sleeper (2+1),21:45,05:10,07h 25m,INR 999,5 Seats available,"4.3
28",https://www.redbus.in/bus-tickets/kannur-to-bangalore,Kannur (Kerala) to Bangalore
P K Travels,A/C Sleeper (2+1),21:00,05:00,08h 00m,990,5 Seats available,"4.1
39",https://www.redbus.in/bus-tickets/kannur-to-bangalore,Kannur (Kerala) to Bangalore
Golden Travels,Volvo A/C Semi Sleeper (2+2),21:45,04:50,07h 05m,INR 949,1 Seat available,"4.6
47",https://www.redbus.in/bus-tickets/kannur-to-bangalore,Kannur (Kerala) to Bangalore
P K Travels,NON A/C Semi Sleeper (2+2),20:30,06:30,10h 00m,720,7 Seats available,"3.4
46",https://www.redbus.in/bus-tickets/kannur-to-bangalore,Kannur (Kerala) to Bangalore
MMK Travels,VE A/C Seater / Sleeper (2+1),21:30,06:00,08h 30m,INR 900,6 Seats available,"4.3
323",https://www.redbus.in/bus-tickets/kannur-to-bangalore,Kannur (Kerala) to Bangalore
EMERALD TRAVELS,Bharat Benz A/C Semi Sleeper (2+2),21:30,06:30,09h 00m,INR 849,13 Seats available,"4.2
6",https://www.redbus.in/bus-tickets/kannur-to-bangalore,Kannur (Kerala) to Bangalore
NS Transports,A/C Sleeper (2+1),21:15,05:30,08h 15m,INR 999,5 Seats available,"4.5
268",https://www.redbus.in/bus-tickets/kannur-to-bangalore,Kannur (Kerala) to Bangalore
Kalpaka Travels 1,A/C Sleeper (2+1),21:45,05:00,07h 15m,INR 1300,2 Seats available,"4.1
120",https://www.redbus.in/bus-tickets/kannur-to-bangalore,Kannur (Kerala) to Bangalore
NS Transports,NON A/C Sleeper (2+1),21:45,05:45,08h 00m,INR 1100,1 Seat available,"4.2
188",https://www.redbus.in/bus-tickets/kannur-to-bangalore,Kannur (Kerala) to Bangalore
Ashoka Travel and Logistics,A/C Sleeper (2+1),21:15,05:30,08h 15m,INR 1200,3 Seats available,"4.5
206",https://www.redbus.in/bus-tickets/kannur-to-bangalore,Kannur (Kerala) to Bangalore
National travels and logistics,Non A/C Seater / Sleeper (2+1),21:15,05:30,08h 15m,INR 849,8 Seats available,"3.7
118",https://www.redbus.in/bus-tickets/kannur-to-bangalore,Kannur (Kerala) to Bangalore
Golden Travels,A/C Sleeper (2+1),21:15,05:00,07h 45m,INR 999,9 Seats available,"3.6
15",https://www.redbus.in/bus-tickets/kannur-to-bangalore,Kannur (Kerala) to Bangalore
Golden Travels,NON A/C Sleeper (2+1),21:30,05:00,07h 30m,INR 949,1 Seat available,"3.6
29",https://www.redbus.in/bus-tickets/kannur-to-bangalore,Kannur (Kerala) to Bangalore
Kalpaka Travels 1,NON A/C Seater/ Sleeper (2+1),21:00,05:00,08h 00m,INR 900,2 Seats available,"3.7
73",https://www.redbus.in/bus-tickets/kannur-to-bangalore,Kannur (Kerala) to Bangalore
Arya Travels,A/C Sleeper (2+1),21:20,05:30,08h 10m,INR 1095,3 Seats available,"3.2
52",https://www.redbus.in/bus-tickets/kannur-to-bangalore,Kannur (Kerala) to Bangalore
Ashoka Travel and Logistics,NON A/C Semi Sleeper (2+2),21:30,05:00,07h 30m,INR 900,8 Seats available,"3.3
78",https://www.redbus.in/bus-tickets/kannur-to-bangalore,Kannur (Kerala) to Bangalore
Kalpaka Travels 1,NON A/C Semi Sleeper (2+2),21:50,05:30,07h 40m,INR 900,7 Seats available,"3.8
24",https://www.redbus.in/bus-tickets/kannur-to-bangalore,Kannur (Kerala) to Bangalore
SAAM BUS,A/C Seater / Sleeper (2+1),22:10,06:00,07h 50m,INR 900,1 Seat available,"3.9
87",https://www.redbus.in/bus-tickets/kannur-to-bangalore,Kannur (Kerala) to Bangalore
Kalpaka Travels 1,NON A/C Seater/ Sleeper (2+1),21:15,05:00,07h 45m,INR 900,1 Seat available,"3.2
31",https://www.redbus.in/bus-tickets/kannur-to-bangalore,Kannur (Kerala) to Bangalore
EMERALD TRAVELS,Bharat Benz A/C Semi Sleeper (2+2),21:00,06:30,09h 30m,INR 849,12 Seats available,"2.9
9",https://www.redbus.in/bus-tickets/kannur-to-bangalore,Kannur (Kerala) to Bangalore
Golden Travels,NON A/C Semi Sleeper (2+2),21:15,05:00,07h 45m,INR 799,2 Seats available,"2.9
26",https://www.redbus.in/bus-tickets/kannur-to-bangalore,Kannur (Kerala) to Bangalore
Sam Tourist,A/C Sleeper (2+1),21:35,06:05,08h 30m,949,18 Seats available,"2.7
11",https://www.redbus.in/bus-tickets/kannur-to-bangalore,Kannur (Kerala) to Bangalore
Rukma Travels,A/C Seater/Sleeper (2+1),21:00,06:00,09h 00m,INR 899,6 Seats available,"2.7
21",https://www.redbus.in/bus-tickets/kannur-to-bangalore,Kannur (Kerala) to Bangalore
Galaxy Tours,Volvo A/C Semi Sleeper (2+2),22:30,02:30,04h 00m,INR 700,20 Seats available,2.7,https://www.redbus.in/bus-tickets/kozhikode-to-aluva,Kozhikode to Aluva
CGR Tranz,A/C Semi Sleeper (2+2),23:59,04:20,04h 21m,INR 550,5 Seats available,2.4,https://www.redbus.in/bus-tickets/kozhikode-to-aluva,Kozhikode to Aluva
BLM Transports,A/C Sleeper (2+1),22:00,02:15,04h 15m,2232,1 Seat available,3.9,https://www.redbus.in/bus-tickets/kozhikode-to-aluva,Kozhikode to Aluva
EMERALD TRAVELS,Bharat Benz A/C Semi Sleeper (2+2),22:10,01:25,03h 15m,INR 900,1 Seat available,3.0,https://www.redbus.in/bus-tickets/kozhikode-to-aluva,Kozhikode to Aluva
LIYAS TOURS,Bharat Benz A/C Sleeper (2+1),23:05,02:25,03h 20m,1249,1 Seat available,3.8,https://www.redbus.in/bus-tickets/kozhikode-to-aluva,Kozhikode to Aluva
Madhavi Travels,Volvo Multi-Axle I-Shift B11R Semi Sleeper (2+2),23:30,02:45,03h 15m,INR 1299,4 Seats available,4.0,https://www.redbus.in/bus-tickets/kozhikode-to-aluva,Kozhikode to Aluva
Perinchery Travels,Volvo A/C Seater (2+2),19:30,23:35,04h 05m,INR 950,7 Seats available, ,https://www.redbus.in/bus-tickets/kozhikode-to-aluva,Kozhikode to Aluva
Blue Bird Travels,A/C Seater Push Back (2+2),21:40,01:45,04h 05m,INR 899,7 Seats available,"2.3
9",https://www.redbus.in/bus-tickets/kozhikode-to-aluva,Kozhikode to Aluva
Galaxy Tours,2+1 Air Suspension A/C Seater / Sleeper,21:45,01:45,04h 00m,INR 1200,4 Seats available,2.7,https://www.redbus.in/bus-tickets/kozhikode-to-aluva,Kozhikode to Aluva
Aadithya Travels,A/C Seater/Sleeper (2+1),23:30,04:15,04h 45m,INR 1350,1 Seat available,2.5,https://www.redbus.in/bus-tickets/kozhikode-to-aluva,Kozhikode to Aluva
